fold,rmse,mae,r2,best_iteration
1,2891463.6609809366,1366120.9650632022,0.261076435046678,74.0
2,2420342.6864220076,1294339.6065660112,0.38158134311604397,73.0
3,2059449.305608523,1015434.6810042135,0.3363208289138101,92.0
4,3117409.4420705144,1202893.1794241574,0.2599990430298732,73.0
5,1991022.0734681669,1170274.744140625,0.4266858208900447,132.0
mean,2495937.43371003,1209812.6352396416,0.33313269419929004,88.8
std,498458.73109868355,133201.9290850645,0.07357013442095837,25.46958971008367
