fold,rmse,mae,r2,best_iteration
1,2903298.4979662313,1364366.762289326,0.25501518870036655,64.0
2,2351496.5493720244,1272320.363588483,0.416262553287971,82.0
3,2047194.4718189132,1018080.1803019663,0.34419582657915015,92.0
4,3096486.093760376,1202787.7591292134,0.26989914621484223,73.0
5,1961642.8965424604,1135244.7569247158,0.4434804401460293,109.0
mean,2472023.701892001,1198559.9644467407,0.34577063098567185,84.0
std,507800.7641475032,131844.7315298754,0.08442723261880207,17.421251390184345
